Khoa,Ten,Doituong,gioitinh,Tuoi,ngaynhapvien,ngaybenhlucnhapvien,Cannang,Chieucao,phanloaiBMI,benhcanhcuoicunglagi,ghichutinhtrangbenhnang,pregnancy,NVnonoi,NVtieuchay,NVdaubung,NVdauco,NVdaudau,NVdausauhocmat,NVho,NVxuathuyet,Vitrixuathuyet,NVganto,Trieuchungkhac,tiencansxh,tiencanbenhlykhac,benhlynen,Petechia,bachcauN1,tieucauN1,HFLCN1,PhantramHFLCN1,HctN1,AST,ALT,Creatinin,bachcauN2,tieucauN2,HFLCN2,phantramHFLCN2,HctN2,bachcauN3,tieucauN3,HFLCN3,phantramHFLCN3,HctN3,bachcauN4,tieucauN4,HFLCN4,phantramHFLCN4,HctN4,bachcauN5,tieucauN5,HFLCN5,phantramHFLCN5,HctN5,bachcauN6,tieucauN6,HFLCN6,phantramHFLCN6,hctN6,bachcauN7,tieucauN7,HFLCN7,phantramHFLCN7,hctN7,bachcauN8,tieucauN8,HFLCN8,phantramHFLCN8,hctN8,bachcauN9,tieucauN9,HFLCN9,phantramHFLCN9,hctN9,thoigiannamvien,ketcuc,Albumin,TQphantram,Bilirubin,Fibrinogen,TCKgiay,Troponin,bachcauN10,tieucauN10,hctN10,HFLCN10,HFLCngay10
ccte,doanvudieuthu,2,2,15,1/6/2025,4,56.0,160,,2,sxhcanhbao,,,,,,,,,,,,,,,,,,,,,,65.0,19.0,58.0,,,,,,,,,,,1.62,26.0,0.03,1.9,44.1,2.63,21.0,0.11,4.2,49.7,3.86,10.0,0.0,0.0,41.4,6.11,11.0,0.0,0.0,38.8,5.57,43.0,0.79,14.2,37.7,4.8,120.0,0.1,2.1,34.5,,,,,,,,,,,,,
nc,huynhthithanhdieu,1,2,45,3/20/2025,5,55.0,150,2.0,2,sxhcanhbao,,1.0,,,1.0,1.0,,,1.0,am dao,,,,,,,,,,,,119.0,74.0,68.0,,,,,,,,,,,,,,,,5.09,46.0,,,40.0,5.41,72.0,,,42.0,4.59,129.0,0.07,1.5,39.5,5.53,176.0,0.07,1.3,39.4,,,,,,,,,,,,,,,,,,
nc,phthiphuongtrang,1,2,21,8/16/2025,3,43.0,153,,3,soxsxh,,1.0,,,,,,,,,,,,,,,,,,,,25.0,10.0,64.0,,,,,,,,,,,3.77,136.0,,,38.1,2.13,48.0,,,40.0,3.45,21.0,0.75,21.7,41.0,7.18,19.0,0.01,0.1,41.6,5.29,31.0,0.77,14.6,36.9,0.79,82.0,0.2,4.2,36.9,,,,,,,,,,,,,
nc,hdangquynhtrang,1,2,37,12/17/2024,1,55.0,160,2.0,2,sxhcanhbao,,,,,1.0,1.0,,,1.0,"chan rang,",,,,,,,4.41,214.0,,,35.4,36.0,29.0,69.0,,,,,,4.21,161.0,,,39.2,,,,,,3.95,100.0,,,39.8,4.88,44.0,0.67,13.7,41.5,6.3,34.0,,,42.5,7.89,63.0,,,39.2,,,,,,,,,,,,,,,,,,
ccte,luongbaongoc,2,2,6,7/31/2025,6,17.0,100,,3,soxsxh,,1.0,,1.0,,,,,1.0,"xhmangphoi,petechiae",,,,,,,,,,,,2119.0,581.0,79.0,,,,,,,,,,,,,,,,,,,,,3.35,15.0,0.78,23.3,31.7,13.3,70.0,2.1,15.2,30.0,20.09,117.0,0.0,0.0,35.6,13.54,82.0,0.0,0.0,31.9,,,,,,,,,13.53,98.0,31.3,0.05,0.4
nd,trantruonggiang,1,1,28,7/1/2025,4,66.0,164,2.0,2,sxhcanhbao,,,,,,,,,,,,,,,,,,,,,,93.0,71.0,117.0,,,,,,,,,,,2.46,93.0,0.01,0.4,42.4,2.25,69.0,0.2,0.9,41.9,2.37,50.0,0.26,11.0,44.0,4.69,55.0,0.76,16.2,45.4,4.31,79.0,0.69,16.0,46.1,,,,,,,,,,,,,,,,,,
nd,trangiabao,1,1,17,6/30/2025,5,83.0,176,1.0,2,sxhcanhbao,,,,,,,,,,,,,,,,,,,,,,208.0,75.0,93.0,,,,,,,,,,,2.15,22.0,0.2,9.3,44.1,5.95,14.0,1.65,27.7,51.9,7.76,21.0,2.27,29.6,43.2,5.28,42.0,0.71,13.4,41.0,5.18,112.0,0.13,2.5,40.5,,,,,,,,,,,,,,,,,,
nd,nguyentongtrieuan,1,1,34,12/19/2024,3,100.0,177,1.0,2,sxhcanhbao,,,,,1.0,,,,1.0,petechiae,,,1.0,,,,,,,,,189.0,176.0,108.0,,,,,,3.38,83.0,0.0,0.0,46.6,2.49,42.0,0.03,1.2,50.6,2.61,16.0,0.06,2.3,51.8,5.16,19.0,0.56,10.9,52.3,4.97,40.0,,,46.9,4.72,91.0,0.53,11.2,48.2,,,,,,,,,,,,,,,,,,
ccte,tranquochuy,2,1,9,6/24/2025,5,37.0,139,,3,soxsxh,,1.0,,,,,,,,,1.0,,,,,,,,,,,90.0,34.0,56.0,,,,,,,,,,,,,,,,8.94,51.0,1.81,20.2,43.8,7.15,36.0,1.57,22.0,37.5,6.59,50.0,0.0,0.0,36.5,,,,,,,,,,,,,,,,,,,,,,,
nhiemc,dothicamnhung,1,2,27,5/18/2025,4,56.0,163,2.0,3,socsxh,,,,,,,,,1.0,petechiae,,,,,,,,,,,,83.0,53.0,,,,,,,,,,,,2.94,11.0,,,42.0,2.44,9.0,0.27,11.1,38.6,5.29,11.0,0.99,18.7,40.8,6.65,31.0,,,40.3,4.67,76.0,,,39.2,,,,,,,,,,,,,,,,,,
nhia,nguyenhoanglong,2,1,16,2/3/2025,6,72.0,170,,2,sxhcanhbao,,,,,1.0,1.0,,,1.0,rang,,,,,,,,,,,,160.0,70.0,79.0,,,,,,,,,,,,,,,,,,,,,2.23,44.0,0.06,2.7,42.3,2.45,38.0,0.12,4.9,45.2,4.93,60.0,0.5,10.1,46.5,,,,,,,,,,,,,,,,,,
nc,huynhnguyenvannhi,1,2,24,2/10/2025,4,72.0,165,1.0,2,sxhcanhbao,,1.0,,,1.0,,,,1.0,"am dao, petechiae",,,1.0,,,,,,,,,37.0,20.0,79.0,,,,,,,,,,,6.55,85.0,0.09,1.4,40.1,6.02,25.0,0.13,2.2,44.8,10.52,18.0,0.0,0.0,47.4,13.58,24.0,,,41.4,9.37,30.0,0.86,9.2,37.6,8.87,66.0,,,38.0,,,,,,,,,,,,,
nhia,lehoangnam,2,1,13,1/13/2025,2,58.0,155,,2,sxhcanhbao,,,,,,,,,,,,,,,,,,,,,,,,,11.82,181.0,0.0,0.0,37.3,6.75,187.0,0.0,0.0,41.4,3.73,140.0,0.01,0.3,43.6,2.42,116.0,0.01,0.4,42.6,2.31,86.0,0.05,2.2,43.8,2.75,69.0,0.19,6.9,44.6,4.45,100.0,0.16,3.6,41.4,,,,,,,,,,,,,,,,,,
nd,nguyentruongluu,1,1,43,7/10/2025,2,80.0,168,1.0,2,sxhcanhbao,,,,,,,,,,,,,,1.0,nhiemhbvman,,,,,,,28.0,19.0,114.0,2.71,53.0,,,43.8,2.83,71.0,0.03,1.1,44.6,2.16,52.0,0.02,0.9,47.6,2.41,44.0,0.11,4.6,47.6,3.51,35.0,,,54.0,4.11,56.0,,,46.9,,,,,,,,,,,,,,,,,,,,,,,
nhiemc,phamthithuy,1,2,55,7/13/2025,7,53.0,150,2.0,3,tonthuonganthan,,1.0,,1.0,,,,,1.0,"petechiae,bammauvetchich",,,,,,1.0,,,,,,1689.0,873.0,103.0,,,,,,,,,,,,,,,,,,,,,,,,,,11.2,7.0,,,,14.7,25.0,2.76,18.7,37.0,10.5,44.0,,,37.9,,,,82.0,23.0,2.09,44.8,,6.56,84.0,37.0,0.15,2.3
nhia,nghoangminhngoc,2,2,16,12/22/2024,6,62.0,155,,2,sxhcanhbao,,,,,,,,,1.0,amdao,,,,,,,,,,,,82.0,20.0,,5.52,160.0,0.0,0.0,34.1,3.16,122.0,0.03,0.9,35.9,2.98,108.0,0.01,0.3,37.2,2.56,77.0,0.02,0.8,36.7,3.18,44.0,0.16,5.0,37.7,2.98,32.0,0.5,16.8,41.5,4.98,57.0,1.12,22.5,43.5,,,,,,,,,,,,,,,,,,
nd,nguyenvankhanh,1,1,27,12/17/2024,4,61.0,168,2.0,2,sxhcanhbao,,1.0,,,,,,,,,1.0,,,,,,,,,,,32.0,23.0,82.0,4.6,138.0,,,40.0,,,,,,2.16,64.0,0.08,3.7,39.1,2.46,48.0,,,42.6,3.57,19.0,,,47.3,3.98,8.0,0.59,14.8,45.4,5.77,12.0,,,48.9,5.94,95.0,0.08,1.3,43.2,,,,,,,,,,,,,
nhia,nguyenngocminhthu,2,2,13,1/15/2025,5,55.0,156,,2,sxhcanhbao,,,1.0,,,,,,,,,,,,,,,,,,,,,,,,,,,,,,,,,,,,,1.55,92.0,0.03,1.9,42.9,2.18,48.0,0.15,6.9,42.0,3.35,40.0,0.39,11.6,43.6,4.99,70.0,0.42,8.4,42.1,5.35,138.0,0.18,3.4,41.4,,,,,,,,,,,,,
nhiemc,nguyenthingoc,1,2,22,7/7/2025,5,55.0,160,2.0,3,socsxh,,1.0,,1.0,1.0,,,,,,1.0,,,,,,,,,,,143.0,60.0,82.0,,,,,,,,,,,,,,,,4.52,20.0,,,54.2,6.37,9.0,0.58,9.1,42.0,8.14,10.0,2.61,32.1,39.0,6.53,19.0,1.09,16.7,37.9,4.79,64.0,0.19,1.5,38.1,,,,,,,,,,,,,
nd,ledinhduy,1,1,18,7/10/2025,4,56.0,173,1.0,2,sxhcanhbao,,,,,,,,,,,,,,,,,,,,,,27.0,22.0,93.0,,,,,,,,,,,2.52,91.0,,,46.7,2.15,98.0,0.04,1.9,46.9,2.2,73.0,0.16,7.3,47.0,4.1,56.0,0.51,12.4,47.6,5.48,61.0,,,50.3,,,,,,,,,,,,,,,,,,
nd,nguyenhuuhiep,1,1,33,12/22/2024,2,90.0,170,1.0,2,sxhcanhbao,,,,,,,,,,,,,,,,,,,,,,93.0,72.0,85.0,4.01,138.0,0.0,0.0,41.1,3.85,98.0,0.0,0.0,43.3,3.12,43.0,0.12,3.8,44.2,4.61,20.0,1.07,23.2,45.4,7.23,32.0,2.17,30.0,43.9,5.32,77.0,0.97,18.2,43.0,,,,,,,,,,,,,,,,,,,,,,,
nc,nguyenthilanhuong,1,2,19,1/5/2025,2,59.0,150,,3,soxsxh,,,,1.0,,,,,1.0,xhamdao,,,,,,,,,,,,45.0,21.0,75.0,4.47,144.0,0.0,0.0,37.4,2.05,83.0,0.02,1.0,40.6,3.71,24.0,0.47,12.7,42.5,5.11,16.0,0.0,0.0,36.9,5.54,37.0,0.17,3.1,31.1,5.69,88.0,0.05,0.9,29.1,6.04,198.0,0.05,0.8,33.7,,,,,,,,,,,,,,,,,,
nd,nguyenphucthuan,1,1,24,7/8/2025,3,86.0,164,1.0,1,sxh,,,,,,,,,,,,,,,,,,,,,,113.0,164.0,90.0,,,,,,3.84,144.0,,,45.2,3.37,133.0,,,48.2,2.53,102.0,,,43.8,3.3,79.0,0.36,10.3,44.1,4.45,71.0,0.32,7.2,42.7,5.36,116.0,0.26,4.9,44.9,,,,,,,,,,,,,,,,,,
nd,trieuvantu,1,1,26,6/30/2025,6,65.0,170,,2,sxhcanhbao,,1.0,,,,1.0,,,,,,,,,,,,,,,,95.0,49.0,114.0,,,,,,,,,,,,,,,,,,,,,2.18,33.0,,,52.5,2.64,28.0,0.46,17.4,49.4,4.32,30.0,0.69,16.0,53.4,4.7,65.0,0.44,9.4,51.7,,,,,,,,,,,,,
nd,phanhoangdat,1,1,29,7/10/2025,4,52.0,173,2.0,2,sxhcanhbao,,,,,,,,,,,,,,,,,,,,,,67.0,43.0,68.0,,,,,,,,,,,1.8,72.0,,,42.5,1.54,79.0,0.02,1.3,43.7,1.62,63.0,0.05,3.1,44.7,2.89,61.0,0.28,9.7,45.5,3.36,49.0,,,41.3,3.93,90.0,0.27,6.9,43.7,,,,,,,,,,,,,
nhiemc,lethitrangdai,1,2,22,4/23/2025,5,45.0,156,2.0,2,sxhcanhbao,,1.0,,1.0,1.0,1.0,,,1.0,petechiae,,,,,,,,,,,,80.0,28.0,43.0,,,,,,,,,,,,,,,,3.73,41.0,,,45.5,5.58,32.0,,,43.2,6.02,53.0,0.58,9.6,37.0,6.44,97.0,0.22,3.4,38.0,5.79,198.0,0.05,0.9,38.3,,,,,,,,,,,,,
ccte,nguyenhoangminhth,2,2,1,6/2/2025,4,53.0,154,,3,soc sxh,,,,,1.0,1.0,,,1.0,"petechiae, am dao",1.0,,2.0,,,1.0,,,,,,,,,,,,,,,,,,,5.69,46.0,,,45.6,7.64,32.0,2.08,27.2,41.3,13.07,20.0,2.72,20.9,41.9,9.15,28.0,,,44.2,,,,,,,,,,,,,27.6,71.0,,2.05,49.3,,,,,,
ccte,ngthitrucphuong,2,2,16,6/24/2025,4,46.0,153,,3,soctaisoc1lan,,1.0,,1.0,,,,,1.0,petechiae,1.0,,,,,,,,,,,50.0,25.0,55.0,,,,,,,,,,,3.38,28.0,0.07,2.1,37.9,3.38,19.0,0.15,4.4,4.4,5.14,13.0,0.58,11.3,33.6,5.07,56.0,0.24,4.7,34.6,,,,,,,,,,,,,19.6,,,,,,,,,,
nd,phamthuyhuyen,1,1,55,6/16/2025,5,59.0,168,2.0,3,socsxh,,1.0,,,1.0,1.0,,,1.0,petechiae,,,,,,,,,,,,441.0,92.0,113.0,,,,,,,,,,,,,,,,2.65,8.0,,,41.4,2.77,10.0,0.17,6.1,35.6,4.6,19.0,0.95,20.7,35.0,4.49,50.0,0.73,16.3,34.7,,,,,,,,,,,,,,,,,,
nd,phamthanhbinh,1,1,38,6/30/2025,3,50.0,167,2.0,2,sxhcanhbao,,,1.0,,1.0,,,,,,,,,,,,,,,,,35.0,14.0,91.0,,,,,,,,,,,3.11,132.0,0.01,0.3,41.1,2.88,57.0,,,45.8,5.93,46.0,1.66,28.0,47.3,7.71,56.0,1.32,17.1,39.9,,,,,,,,,,,,,,,,,,,,,,,
